8,#nationalvoterregistrationday ,2016-09-27
13,#makeamericagreatagain…       ,2016-09-27
13,#voterregistrationday         ,2016-09-27
15,#maga                         ,2016-09-27
17,#imwithyou                    ,2016-09-27
18,#maga                         ,2016-09-27
20,#nationalvoterregistrationday ,2016-09-27
21,#lovetrumpshate               ,2016-09-27
22,#strongertogether             ,2016-09-27
31,#nationalvoterregistrationday ,2016-09-27
32,#nationalvoterregistrationday ,2016-09-27
33,#nationalvoterregistrationday ,2016-09-27
33,#debates2016                  ,2016-09-27
35,#maga                         ,2016-09-27
36,#shewon…                      ,2016-09-27
37,#iregistered…                 ,2016-09-27
40,#nationalvoterregistrationday ,2016-09-27
41,#shewon                       ,2016-09-27
42,#imwithyou…                   ,2016-09-27
42,#maga                         ,2016-09-27
42,#americafirst                 ,2016-09-27
43,#nationalvoterregistrationday ,2016-09-27
46,#shewon                       ,2016-09-27
48,#shewon                       ,2016-09-27
49,#maga                         ,2016-09-27
49,#trumpwon                     ,2016-09-27
53,#trumpwon                     ,2016-09-27
53,#1                            ,2016-09-27
57,#shewon                       ,2016-09-27
60,#debatenight                  ,2016-09-27
61,#maga…                        ,2016-09-27
62,#imwithyou…                   ,2016-09-27
62,#americafirst                 ,2016-09-27
62,#debatenight                  ,2016-09-27
63,#maga                         ,2016-09-27
63,#americafirst                 ,2016-09-27
63,#debatenight                  ,2016-09-27
65,#debatenight                  ,2016-09-27
67,#debatenight                  ,2016-09-27
68,#debates2016                  ,2016-09-27
68,#americafirst                 ,2016-09-27
69,#americafirst…                ,2016-09-27
70,#maga                         ,2016-09-27
70,#debates2016                  ,2016-09-27
71,#debatenight                  ,2016-09-27
72,#debatenight                  ,2016-09-27
74,#imwithher                    ,2016-09-27
75,#debatenight                  ,2016-09-27
78,#debatenight                  ,2016-09-27
79,#debatenight                  ,2016-09-27
81,#debatenight                  ,2016-09-27
82,#debatenight                  ,2016-09-27
82,#debates2016                  ,2016-09-27
82,#benghazi                     ,2016-09-27
83,#debatenight                  ,2016-09-27
84,#debatenight                  ,2016-09-27
85,#debatenight                  ,2016-09-27
85,#isis                         ,2016-09-27
86,#debatenight                  ,2016-09-27
88,#debatenight                  ,2016-09-27
90,#debatenight                  ,2016-09-27
91,#debatenight                  ,2016-09-27
94,#debate                       ,2016-09-27
95,#debates2016                  ,2016-09-27
96,#maga                         ,2016-09-27
96,#debates2016                  ,2016-09-27
97,#debatenight                  ,2016-09-27
100,#debate                       ,2016-09-27
101,#debatenight                  ,2016-09-27
103,#debatenight                  ,2016-09-27
104,#debatenight                  ,2016-09-27
106,#debate…                      ,2016-09-27
107,#debatenight                  ,2016-09-27
108,#debatenight                  ,2016-09-27
109,#debatenight                  ,2016-09-27
110,#debatenight                  ,2016-09-27
111,#debatenight                  ,2016-09-27
112,#debatenight                  ,2016-09-27
113,#debatenight                  ,2016-09-27
115,#maga                         ,2016-09-27
115,#debates2016                  ,2016-09-27
116,#debatenight                  ,2016-09-27
117,#maga…                        ,2016-09-27
118,#debatenight…                 ,2016-09-27
119,#debates2016                  ,2016-09-27
120,#debatenight                  ,2016-09-27
122,#debatenight                  ,2016-09-27
123,#debates2016                  ,2016-09-27
126,#debatenight                  ,2016-09-27
127,#debates2016                  ,2016-09-27
129,#debate                       ,2016-09-27
130,#debatenight                  ,2016-09-27
131,#debates2016                  ,2016-09-27
131,#tpp                          ,2016-09-27
133,#debatenight                  ,2016-09-27
134,#debatenight                  ,2016-09-27
137,#debate                       ,2016-09-27
139,#debates2016                  ,2016-09-27
142,#debatenight                  ,2016-09-27
143,#debatenight                  ,2016-09-27
144,#debatenight                  ,2016-09-27
145,#debatenight                  ,2016-09-27
146,#debatenight                  ,2016-09-27
147,#debatenight                  ,2016-09-26
149,#debatenight                  ,2016-09-26
152,#trumppence16                 ,2016-09-26
152,#debatenight                  ,2016-09-26
154,#debatenight                  ,2016-09-26
155,#debatenight                  ,2016-09-26
161,#debatenight                  ,2016-09-26
162,#debates2016                  ,2016-09-26
162,#slipping                     ,2016-09-26
162,#polls                        ,2016-09-26
163,#debatenight                  ,2016-09-26
164,#debatenight                  ,2016-09-26
165,#debatenight                  ,2016-09-26
169,#debates2016                  ,2016-09-26
170,#trumptrain…                  ,2016-09-26
176,#lovetrumpshate               ,2016-09-25
194,#americafirst…                ,2016-09-24
200,#lovetrumpshate               ,2016-09-24
207,#maga…                        ,2016-09-24
207,#trumptrain                   ,2016-09-24
210,#declareyourambition          ,2016-09-24
220,#opioidawarenessweek          ,2016-09-23
224,#maga…                        ,2016-09-23
224,#trumptrain                   ,2016-09-23
233,#makeamericagreatagain        ,2016-09-22
243,#cripthevote                  ,2016-09-22
243,#imwithher                    ,2016-09-22
243,#ada                          ,2016-09-22
244,#maga                         ,2016-09-22
256,#maga…                        ,2016-09-21
297,#terencecrutcher              ,2016-09-20
300,#unga                         ,2016-09-20
305,#makeamericagreatagain        ,2016-09-20
305,#americafirst                 ,2016-09-20
306,#makeamericagreatagain        ,2016-09-20
306,#americafirst                 ,2016-09-20
312,#americafirst                 ,2016-09-20
312,#imwithyou                    ,2016-09-20
369,#polls                        ,2016-09-18
414,#maga                         ,2016-09-16
460,#americafirst                 ,2016-09-16
463,#trumppence16                 ,2016-09-16
463,#thetonightshow               ,2016-09-16
463,#jimmyfallon                  ,2016-09-16
463,#thedonald's                  ,2016-09-16
464,#fallontonight                ,2016-09-16
464,#myteacherisweird             ,2016-09-16
485,#hispanicheritagemonth        ,2016-09-15
505,#maga                         ,2016-09-15
510,#maga                         ,2016-09-15
510,#lesm                         ,2016-09-15
511,#maga                         ,2016-09-15
521,#librarianofcongress          ,2016-09-15
522,#americafirst                 ,2016-09-15
522,#maga                         ,2016-09-15
524,#wetrumphate                  ,2016-09-15
542,#imwithyou                    ,2016-09-14
562,#americafirst                 ,2016-09-14
562,#imwithyou                    ,2016-09-14
585,#election2016                 ,2016-09-13
610,#makeamericagreatagain        ,2016-09-13
612,#makeamericagreatagain        ,2016-09-13
615,#maga                         ,2016-09-13
615,#americafirst                 ,2016-09-13
628,#maga                         ,2016-09-12
670,#americafirst                 ,2016-09-10
678,#imwithyou                    ,2016-09-09
678,#americafirst                 ,2016-09-09
680,#lovetrumpshate               ,2016-09-09
686,#makeamericagreatagain        ,2016-09-09
695,#maga                         ,2016-09-09
695,#imwithyou                    ,2016-09-09
698,#trumptrain                   ,2016-09-08
698,#americafirst                 ,2016-09-08
716,#imwithyou                    ,2016-09-08
716,#americafirst                 ,2016-09-08
726,#potus                        ,2016-09-08
740,#commanderinchiefforum        ,2016-09-08
745,#nbcnewsforum                 ,2016-09-08
746,#nbcnewsforum                 ,2016-09-08
750,#nbcnewsforum                 ,2016-09-08
751,#nbcnewsforum                 ,2016-09-08
752,#nbcnewsforum                 ,2016-09-08
754,#nbcnewsforum                 ,2016-09-08
758,#nbcnewsforum                 ,2016-09-08
759,#nbcnewsforum                 ,2016-09-08
760,#nbcnewsforum                 ,2016-09-08
761,#nbcnewsforum                 ,2016-09-08
762,#nbcnewsforum                 ,2016-09-08
764,#nbcnewsforum                 ,2016-09-07
771,#americafirst                 ,2016-09-07
782,#maga                         ,2016-09-07
782,#americafirst                 ,2016-09-07
787,#media                        ,2016-09-07
792,#makeamericagreatagain        ,2016-09-07
792,#votetrump                    ,2016-09-07
798,#imwithyou                    ,2016-09-06
811,#votetrump                    ,2016-09-06
812,#imwithyou                    ,2016-09-06
812,#votetrump                    ,2016-09-06
815,#1                            ,2016-09-06
817,#americafirst                 ,2016-09-06
826,#americafirst                 ,2016-09-05
831,#laborday                     ,2016-09-05
832,#americafirst                 ,2016-09-05
835,#americafirst                 ,2016-09-05
835,#laborday                     ,2016-09-05
837,#maga                         ,2016-09-05
872,#imwithyou                    ,2016-09-02
872,#makeamericagreatagain        ,2016-09-02
878,#maga                         ,2016-09-02
893,#imwithyou                    ,2016-09-01
901,#alconvention2016             ,2016-09-01
907,#imwithyou                    ,2016-09-01
907,#americafirst                 ,2016-09-01
908,#americafirst                 ,2016-09-01
909,#imwithyou                    ,2016-09-01
909,#makeamericagreatagain        ,2016-09-01
910,#imwithyou                    ,2016-09-01
910,#makeamericagreatagain        ,2016-09-01
911,#trumppence16                 ,2016-09-01
918,#imwithyou                    ,2016-09-01
948,#americafirst                 ,2016-08-31
948,#imwithyou                    ,2016-08-31
951,#trumpineverett               ,2016-08-31
954,#maga                         ,2016-08-30
958,#maga                         ,2016-08-30
971,#imwithyou                    ,2016-08-30
972,#imwithyou                    ,2016-08-29
975,#obamacare                    ,2016-08-29
980,#divodejuarez                 ,2016-08-29
980,#juangabriel                  ,2016-08-29
980,#rip                          ,2016-08-29
998,#goodtrouble                  ,2016-08-28
1004,#votetrump                    ,2016-08-28
1006,#neverhillary                 ,2016-08-28
1006,#trumppence2016               ,2016-08-28
1008,#strongertogether             ,2016-08-27
1010,#imwithyou                    ,2016-08-27
1013,#strongertogether             ,2016-08-27
1018,#blacksfortrump               ,2016-08-27
1018,#hillary2016                  ,2016-08-27
1018,#blackmenforbernie            ,2016-08-27
1021,#imwithyou                    ,2016-08-26
1022,#trumppence16                 ,2016-08-26
1022,#americafirst                 ,2016-08-26
1023,#imwithyou                    ,2016-08-26
1025,#makeamericagreatagain        ,2016-08-26
1026,#enjoy                        ,2016-08-26
1029,#womensequalityday            ,2016-08-26
1033,#crookedhillary               ,2016-08-26
1035,#womensequalityday            ,2016-08-26
1038,#womensequalityday            ,2016-08-26
1042,#womensequalityday            ,2016-08-26
1052,#flashbackfriday              ,2016-08-26
1058,#nps100                       ,2016-08-25
1065,#crookedhillary's             ,2016-08-25
1104,#nps100                       ,2016-08-25
1107,#maga                         ,2016-08-25
1107,#brexit                       ,2016-08-25
1112,#buildthewall                 ,2016-08-24
1112,#hannity                      ,2016-08-24
1114,#imwithyou                    ,2016-08-24
1114,#americafirst                 ,2016-08-24
1116,#trumppence16                 ,2016-08-24
1122,#makeamericagreatagain        ,2016-08-24
1123,#makeamericagreatagain        ,2016-08-24
1125,#makeamericasafeagain         ,2016-08-24
1129,#makeamericagreatagain        ,2016-08-24
1132,#imwithher                    ,2016-08-23
1134,#diwali                       ,2016-08-23
1136,#blackwomensequalpay          ,2016-08-23
1139,#laflood                      ,2016-08-23
1144,#smallbiz                     ,2016-08-23
1175,#teamtrump                    ,2016-08-22
1176,#trumppence16                 ,2016-08-22
1176,#maga                         ,2016-08-22
1193,#maga                         ,2016-08-20
1194,#trumppence16                 ,2016-08-20
1202,#trumppence16                 ,2016-08-20
1206,#alwaystrump                  ,2016-08-20
1206,#maga                         ,2016-08-20
1208,#standwithlouisiana           ,2016-08-20
1209,#whereshillary                ,2016-08-19
1215,#trumppence16                 ,2016-08-19
1217,#whd                          ,2016-08-19
1224,#trumptrain                   ,2016-08-19
1224,#imwithyou                    ,2016-08-19
1230,#makeamericagreatagain        ,2016-08-19
1236,#rosanelleaton                ,2016-08-18
1253,#imwithyou                    ,2016-08-17
1253,#makeamericagreatagain        ,2016-08-17
1256,#obamacare                    ,2016-08-17
1266,#imwithyou                    ,2016-08-17
1267,#imwithyou                    ,2016-08-17
1267,#makeamericagreatagain        ,2016-08-17
1268,#imwithyou                    ,2016-08-17
1270,#imwithyou                    ,2016-08-17
1270,#lawandorder                  ,2016-08-17
1271,#imwithyou                    ,2016-08-17
1271,#lawandorder                  ,2016-08-17
1273,#makeamericagreatagain        ,2016-08-17
1281,#obamacare                    ,2016-08-16
1294,#daca                         ,2016-08-15
1299,#extremevetting               ,2016-08-15
1351,#usa                          ,2016-08-13
1351,#makeamericagreatagain        ,2016-08-13
1356,#trumptrain                   ,2016-08-13
1367,#makeamericagreatagain        ,2016-08-12
1370,#youthday                     ,2016-08-12
1371,#maga                         ,2016-08-12
1388,#tbt                          ,2016-08-11
1429,#makeamericagreatagain        ,2016-08-11
1442,#makeamericagreatagain        ,2016-08-10
1444,#maga                         ,2016-08-10
1455,#lesm                         ,2016-08-10
1462,#trumppence16                 ,2016-08-10
1464,#trumppence16                 ,2016-08-09
1467,#makeamericagreatagain        ,2016-08-09
1468,#neverhillary                 ,2016-08-09
1468,#defendthesecond              ,2016-08-09
1468,#2a                           ,2016-08-09
1468,#electionday                  ,2016-08-09
1469,#neverhillary                 ,2016-08-09
1469,#scotus                       ,2016-08-09
1477,#neverhillary                 ,2016-08-09
1477,#maga                         ,2016-08-09
1491,#makeamericagreatagain        ,2016-08-08
1497,#smallbiz                     ,2016-08-08
1497,#taxplan                      ,2016-08-08
1506,#nevertrump                   ,2016-08-08
1520,#icymi                        ,2016-08-07
1527,#purpleheartday               ,2016-08-07
1529,#imwithhernandez              ,2016-08-07
1530,#virwinia                     ,2016-08-07
1537,#maga                         ,2016-08-07
1537,#trumppence16                 ,2016-08-07
1542,#demconvention                ,2016-08-06
1543,#restorethevra                ,2016-08-06
1546,#trumppence16                 ,2016-08-06
1546,#crookedhillary               ,2016-08-06
1551,#ugpride2016                  ,2016-08-06
1552,#restorethevra                ,2016-08-06
1557,#rio2016                      ,2016-08-06
1557,#openingceremony              ,2016-08-06
1557,#teamusa                      ,2016-08-06
1559,#maga                         ,2016-08-06
1559,#trumppence16                 ,2016-08-06
1561,#trumppence16                 ,2016-08-05
1563,#trumptrain                   ,2016-08-05
1563,#maga                         ,2016-08-05
1572,#nabjnahj16                   ,2016-08-05
1594,#makeamericagreatagain        ,2016-08-04
1604,#coastguardday                ,2016-08-04
1609,#maga                         ,2016-08-04
1613,#makeamericagreatagain        ,2016-08-04
1615,#imwithyou                    ,2016-08-03
1615,#maga                         ,2016-08-03
1616,#maga                         ,2016-08-03
1616,#lesm                         ,2016-08-03
1617,#makeamericagreatagain        ,2016-08-03
1646,#icymi                        ,2016-08-02
1648,#makeamericagreatagain        ,2016-08-02
1652,#imwithyou                    ,2016-08-02
1654,#demconvention                ,2016-08-02
1656,#imwithher                    ,2016-08-02
1656,#demconvention                ,2016-08-02
1659,#crookedhillary               ,2016-08-02
1661,#maga                         ,2016-08-02
1662,#maga                         ,2016-08-02
1662,#trumpmovement                ,2016-08-02
1672,#maga                         ,2016-08-01
1672,#imwithyou                    ,2016-08-01
1674,#maga                         ,2016-08-01
1674,#imwithyou                    ,2016-08-01
1675,#imwithyou                    ,2016-08-01
1675,#makeamericagreatagain        ,2016-08-01
1701,#msm                          ,2016-07-31
1701,#voterfraud                   ,2016-07-31
1715,#1                            ,2016-07-30
1722,#crookedhillary               ,2016-07-30
1739,#imwithher                    ,2016-07-30
1742,#khizrkhan                    ,2016-07-30
1744,#maga                         ,2016-07-30
1750,#trump2016                    ,2016-07-30
1751,#makeamericagreatagain        ,2016-07-30
1754,#crookedhillary               ,2016-07-30
1755,#lesm                         ,2016-07-30
1755,#makeamericagreatagain        ,2016-07-30
1772,#trumppence16                 ,2016-07-29
1778,#neverhillary                 ,2016-07-29
1780,#neverhillary                 ,2016-07-29
1845,#strongertogether             ,2016-07-29
1877,#demconvention                ,2016-07-29
1884,#demsinphilly                 ,2016-07-28
1886,#demsinphilly                 ,2016-07-28
1887,#demsinphilly                 ,2016-07-28
1887,#demconvention                ,2016-07-28
1891,#maga                         ,2016-07-28
1891,#tbt                          ,2016-07-28
1898,#demsinphilly                 ,2016-07-28
1899,#maga                         ,2016-07-28
1903,#dnc                          ,2016-07-28
1907,#demsinphilly                 ,2016-07-28
1907,#nato                         ,2016-07-28
1989,#demsinphilly                 ,2016-07-28
2000,#stopgunviolence              ,2016-07-28
2001,#makeamericagreatagain        ,2016-07-28
2003,#imwithher                    ,2016-07-27
2003,#enough                       ,2016-07-27
2006,#demsinphilly                 ,2016-07-27
2008,#pulse                        ,2016-07-27
2008,#lgbt                         ,2016-07-27
2009,#demsinphilly                 ,2016-07-27
2010,#demsinphilly                 ,2016-07-27
2011,#demsinphilly                 ,2016-07-27
2013,#demsinphilly                 ,2016-07-27
2015,#dncinphl                     ,2016-07-27
2015,#demsinphilly                 ,2016-07-27
2017,#demsinphilly                 ,2016-07-27
2021,#makeamericagreatagain        ,2016-07-27
2022,#demsinphilly                 ,2016-07-27
2023,#demconvention                ,2016-07-27
2027,#maga                         ,2016-07-27
2034,#makeamericagreatagain        ,2016-07-27
2039,#demsinphl                    ,2016-07-27
2049,#demsinphilly                 ,2016-07-27
2049,#strongertogether             ,2016-07-27
2074,#demconvention                ,2016-07-27
2079,#demsinphilly                 ,2016-07-27
2084,#demsinphilly                 ,2016-07-27
2092,#wemadehistory                ,2016-07-26
2097,#rollcallvote                 ,2016-07-26
2098,#rollcallvote                 ,2016-07-26
2099,#wemadehistory                ,2016-07-26
2100,#demsinphilly                 ,2016-07-26
2100,#imwithher                    ,2016-07-26
2104,#demsinphilly                 ,2016-07-26
2105,#demsinphilly                 ,2016-07-26
2106,#demsinphilly                 ,2016-07-26
2107,#wemadehistory                ,2016-07-26
2112,#demconvention                ,2016-07-26
2113,#demsinphl                    ,2016-07-26
2114,#makeamericagreatagain        ,2016-07-26
2115,#maga                         ,2016-07-26
2115,#trumppence16                 ,2016-07-26
2116,#maga                         ,2016-07-26
2116,#trumppence16                 ,2016-07-26
2117,#demsinphl                    ,2016-07-26
2118,#demsinphl                    ,2016-07-26
2124,#demsinphilly                 ,2016-07-26
2125,#demsinphilly                 ,2016-07-26
2130,#demsinphilly                 ,2016-07-26
2132,#demsinphilly                 ,2016-07-26
2135,#demsinphilly                 ,2016-07-26
2136,#demsinphilly                 ,2016-07-26
2137,#demsinphilly                 ,2016-07-26
2140,#demsinphilly                 ,2016-07-26
2141,#demsinphilly                 ,2016-07-26
2142,#demsinphilly                 ,2016-07-26
2145,#demsinphilly                 ,2016-07-26
2148,#demsinphilly                 ,2016-07-26
2149,#demconvention                ,2016-07-26
2150,#demsinphilly                 ,2016-07-26
2152,#demsinphilly                 ,2016-07-26
2153,#demsinphilly                 ,2016-07-26
2155,#demsinphilly                 ,2016-07-26
2158,#demsinphilly                 ,2016-07-26
2161,#demconvention                ,2016-07-26
2162,#demsinphilly                 ,2016-07-26
2163,#demsinphilly                 ,2016-07-26
2164,#demsinphilly                 ,2016-07-26
2165,#demsinphilly                 ,2016-07-26
2169,#demsinphilly                 ,2016-07-26
2171,#demconvention                ,2016-07-26
2172,#demsinphilly                 ,2016-07-26
2173,#demsinphilly                 ,2016-07-26
2174,#demsinphilly                 ,2016-07-26
2175,#demsinphilly                 ,2016-07-26
2180,#demsinphilly                 ,2016-07-26
2181,#demsinphilly                 ,2016-07-25
2182,#demsinphilly                 ,2016-07-25
2185,#demsinphilly                 ,2016-07-25
2186,#lovetrumpshate               ,2016-07-25
2186,#demsinphilly                 ,2016-07-25
2187,#demsinphilly                 ,2016-07-25
2190,#demconvention                ,2016-07-25
2193,#trumppence16                 ,2016-07-25
2194,#trumppence16                 ,2016-07-25
2195,#lgbt                         ,2016-07-25
2196,#demconvention                ,2016-07-25
2197,#demconvention                ,2016-07-25
2199,#trumppence16                 ,2016-07-25
2214,#maga                         ,2016-07-25
2220,#makeamericagreatagain        ,2016-07-25
2254,#rncincle                     ,2016-07-23
2256,#hillarykaine2016             ,2016-07-23
2261,#clintonkaine                 ,2016-07-23
2291,#imwithher                    ,2016-07-23
2293,#strongertogether             ,2016-07-23
2304,#makeamericasafeagain         ,2016-07-23
2310,#imwithher                    ,2016-07-23
2310,#clintonkaine                 ,2016-07-23
2317,#virwinia                     ,2016-07-23
2342,#rncincle                     ,2016-07-22
2351,#rncincle                     ,2016-07-22
2353,#trumppence16                 ,2016-07-22
2360,#rncincle                     ,2016-07-22
2362,#rncwithbernie                ,2016-07-22
2364,#rncincle                     ,2016-07-22
2365,#rncincle                     ,2016-07-22
2366,#rncincle                     ,2016-07-22
2368,#rncincle                     ,2016-07-22
2371,#rncincle                     ,2016-07-22
2372,#rncincle                     ,2016-07-22
2375,#makeamericagreatagain        ,2016-07-22
2375,#trumpiswithyou               ,2016-07-22
2375,#rncincle                     ,2016-07-22
2376,#rncincle                     ,2016-07-22
2378,#rncincle                     ,2016-07-22
2379,#rncincle                     ,2016-07-21
2383,#standtogether                ,2016-07-21
2383,#nato                         ,2016-07-21
2384,#trumpyourself                ,2016-07-21
2386,#rncincle                     ,2016-07-21
2390,#rncincle                     ,2016-07-21
2392,#trumppence2016               ,2016-07-21
2392,#rncincle                     ,2016-07-21
2393,#trumpyourself                ,2016-07-21
2394,#trumpyourself                ,2016-07-21
2396,#rncincle                     ,2016-07-21
2397,#trumpyourself                ,2016-07-21
2402,#rncincle                     ,2016-07-21
2403,#rncincle                     ,2016-07-21
2403,#americafirst                 ,2016-07-21
2407,#americafirst                 ,2016-07-21
2407,#gopconvention                ,2016-07-21
2407,#gopincle                     ,2016-07-21
2410,#rncincle                     ,2016-07-21
2412,#rncincle                     ,2016-07-21
2413,#rncincle                     ,2016-07-21
2414,#rncincle                     ,2016-07-21
2417,#rncincle                     ,2016-07-21
2418,#rncincle                     ,2016-07-21
2418,#americafirst                 ,2016-07-21
2419,#rncincle                     ,2016-07-21
2421,#rncincle                     ,2016-07-21
2422,#rncincle                     ,2016-07-21
2423,#rncincle                     ,2016-07-21
2423,#americafirst                 ,2016-07-21
2424,#rncincle                     ,2016-07-21
2425,#rncincle                     ,2016-07-21
2426,#rncincle                     ,2016-07-21
2428,#americafirst                 ,2016-07-21
2430,#rncincle                     ,2016-07-20
2431,#rncincle                     ,2016-07-20
2431,#americafirst                 ,2016-07-20
2431,#gopconvention                ,2016-07-20
2438,#citizensunited               ,2016-07-20
2439,#rncincle                     ,2016-07-20
2451,#rncincle's                   ,2016-07-20
2453,#rncincle                     ,2016-07-20
2454,#rncincle                     ,2016-07-20
2455,#rncincle                     ,2016-07-20
2457,#rncincle                     ,2016-07-20
2458,#rncincle                     ,2016-07-20
2459,#rncincle                     ,2016-07-20
2461,#rncincle                     ,2016-07-20
2462,#rncincle                     ,2016-07-20
2464,#rncincle                     ,2016-07-20
2465,#rncincle                     ,2016-07-20
2466,#rncincle                     ,2016-07-20
2474,#rncincle                     ,2016-07-19
2487,#gopconvention                ,2016-07-19
2488,#rncincle                     ,2016-07-19
2489,#rncincle                     ,2016-07-19
2492,#rncincle                     ,2016-07-19
2493,#rncincle                     ,2016-07-19
2496,#rncincle                     ,2016-07-19
2497,#rncincle                     ,2016-07-19
2500,#rncincle                     ,2016-07-19
2501,#rncincle                     ,2016-07-18
2501,#gopconvention                ,2016-07-18
2502,#rncincle                     ,2016-07-18
2505,#rncincle                     ,2016-07-18
2512,#strongertogether             ,2016-07-18
2516,#makeamericasafeagain         ,2016-07-18
2530,#aidsfreegeneration           ,2016-07-18
2533,#rncincle                     ,2016-07-18
2540,#60minutes                    ,2016-07-17
2561,#citizensunited               ,2016-07-16
2561,#campaignfinance              ,2016-07-16
2563,#trumppence16                 ,2016-07-16
2567,#imwithher                    ,2016-07-16
2577,#turkey                       ,2016-07-15
2578,#mikepence                    ,2016-07-15
2592,#nevertrump                   ,2016-07-15
2601,#juntossepuede                ,2016-07-14
2603,#irandeal                     ,2016-07-14
2619,#imwithyou                    ,2016-07-14
2620,#imwithyou                    ,2016-07-14
2620,#trump2016                    ,2016-07-14
2626,#fixdemocracyfirst            ,2016-07-14
2633,#crookedhillary               ,2016-07-13
2640,#crookedhillary               ,2016-07-13
2661,#feelthebern                  ,2016-07-13
2661,#imwithher                    ,2016-07-13
2665,#imwithyou                    ,2016-07-13
2665,#crookedhillary               ,2016-07-13
2666,#imwithyou                    ,2016-07-13
2668,#trump2016                    ,2016-07-13
2671,#naacp107                     ,2016-07-12
2673,#imwithyou                    ,2016-07-12
2673,#trump2016                    ,2016-07-12
2675,#work                         ,2016-07-12
2676,#crookedhillary               ,2016-07-12
2682,#crookedhillary               ,2016-07-12
2712,#stopthehate                  ,2016-07-12
2712,#orlando                      ,2016-07-12
2716,#imwithyou                    ,2016-07-12
2729,#srebrenica                   ,2016-07-11
2729,#neverforget                  ,2016-07-11
2734,#trump2016                    ,2016-07-11
2747,#trump2016                    ,2016-07-09
2749,#wimbledon                    ,2016-07-09
2775,#tbt                          ,2016-07-08
2780,#trump2016                    ,2016-07-07
2780,#americafirst                 ,2016-07-07
2781,#trump2016                    ,2016-07-07
2785,#philandocastile              ,2016-07-07
2787,#americafirst                 ,2016-07-07
2787,#trump2016                    ,2016-07-07
2790,#frozen                       ,2016-07-07
2863,#firstinpotus                 ,2016-07-05
2867,#riggedsystem                 ,2016-07-05
2883,#americafirst                 ,2016-07-04
2883,#trump2016                    ,2016-07-04
2907,#imwithyou                    ,2016-07-02
2908,#leadright2016                ,2016-07-02
2908,#americafirst                 ,2016-07-02
2910,#americafirst                 ,2016-07-02
2911,#americafirst                 ,2016-07-02
2912,#americafirst                 ,2016-07-02
2912,#imwithyou                    ,2016-07-02
2916,#americafirst                 ,2016-07-02
2916,#imwithyou                    ,2016-07-02
2919,#wcs16                        ,2016-07-01
2919,#imwithyou                    ,2016-07-01
2921,#americafirst                 ,2016-07-01
2921,#imwithyou                    ,2016-07-01
2923,#americafirst                 ,2016-07-01
2927,#makersandtakers              ,2016-07-01
2933,#tbt                          ,2016-07-01
2941,#stopthehate                  ,2016-06-30
2948,#wakeupamerica                ,2016-06-30
2973,#trump2016                    ,2016-06-29
2979,#creatorsaskhrc               ,2016-06-29
2982,#creatorsaskhrc               ,2016-06-28
2990,#trump2016                    ,2016-06-28
2990,#crookedhillary               ,2016-06-28
2992,#potus                        ,2016-06-28
2993,#upupup                       ,2016-06-28
2995,#trump                        ,2016-06-28
3008,#scotus                       ,2016-06-28
3013,#turnuptovote                 ,2016-06-27
3032,#ohhillyes                    ,2016-06-27
3041,#maga                         ,2016-06-27
3041,#trump2016                    ,2016-06-27
3042,#dtmag                        ,2016-06-27
3045,#crookedhillary               ,2016-06-26
3056,#usmc2016                     ,2016-06-26
3057,#imwithher                    ,2016-06-26
3058,#nycpride                     ,2016-06-26
3068,#demplatform                  ,2016-06-26
3069,#demplatform                  ,2016-06-26
3070,#demplatform                  ,2016-06-26
3071,#demplatform                  ,2016-06-26
3078,#americafirst                 ,2016-06-26
3088,#westvirginia                 ,2016-06-25
3091,#imwithyou                    ,2016-06-24
3101,#brexitvote                   ,2016-06-24
3102,#brexit                       ,2016-06-24
3103,#brexitvote                   ,2016-06-24
3105,#brexitvote                   ,2016-06-24
3106,#brexitvote                   ,2016-06-24
3121,#democraticsitin              ,2016-06-23
3122,#imwithyou                    ,2016-06-23
3125,#titleix                      ,2016-06-23
3126,#clinton                      ,2016-06-23
3126,#trump                        ,2016-06-23
3130,#imwithyou                    ,2016-06-23
3133,#crookedhillary               ,2016-06-23
3135,#scotus                       ,2016-06-23
3136,#nobillnobreak                ,2016-06-23
3140,#nobillnobreak                ,2016-06-23
3141,#nomoresilence                ,2016-06-23
3141,#nobillnobreak                ,2016-06-23
3141,#aslongasittakes              ,2016-06-23
3141,#sitin                        ,2016-06-23
3141,#gunviolence                  ,2016-06-23
3142,#nobillnobreak                ,2016-06-23
3143,#endgunviolence               ,2016-06-23
3143,#sitin                        ,2016-06-23
3143,#disarmhate                   ,2016-06-23
3145,#notonemore                   ,2016-06-23
3146,#nobillnobreak                ,2016-06-23
3147,#nobillnobreak                ,2016-06-23
3148,#nomoresilence                ,2016-06-23
3148,#holdthefloor                 ,2016-06-23
3148,#nobillnobreak                ,2016-06-23
3149,#nobillnobreak                ,2016-06-23
3149,#goodtrouble                  ,2016-06-23
3152,#olmstead                     ,2016-06-23
3157,#veterans                     ,2016-06-22
3157,#gibill                       ,2016-06-22
3158,#moreincommon                 ,2016-06-22
3167,#imwithyou                    ,2016-06-22
3224,#disarmhate                   ,2016-06-21
3226,#disarmhate                   ,2016-06-20
3227,#worldrefugeeday              ,2016-06-20
3248,#makeamericagreatagain        ,2016-06-19
3251,#trump2016                    ,2016-06-19
3252,#trump2016                    ,2016-06-19
3253,#americafirst                 ,2016-06-19
3253,#trump2016                    ,2016-06-19
3254,#laudatosi                    ,2016-06-19
3258,#americafirst                 ,2016-06-18
3258,#trump2016                    ,2016-06-18
3259,#americafirst                 ,2016-06-18
3259,#trump2016                    ,2016-06-18
3262,#americafirst                 ,2016-06-18
3262,#trump2016                    ,2016-06-18
3266,#trump2016                    ,2016-06-18
3266,#americafirst                 ,2016-06-18
3268,#americafirst                 ,2016-06-17
3272,#americafirst                 ,2016-06-17
3272,#trump2016                    ,2016-06-17
3273,#charleston9                  ,2016-06-17
3277,#americafirst                 ,2016-06-17
3279,#trumpdallas                  ,2016-06-17
3285,#trump                        ,2016-06-17
3301,#trump2016                    ,2016-06-16
3302,#sheswithus                   ,2016-06-16
3309,#filibuster                   ,2016-06-15
3309,#enough                       ,2016-06-15
3309,#orlandounited                ,2016-06-15
3314,#trump2016                    ,2016-06-15
3314,#americafirst                 ,2016-06-15
3315,#americafirst                 ,2016-06-15
3325,#americafirst                 ,2016-06-15
3328,#orlandounited                ,2016-06-15
3332,#armybday                     ,2016-06-14
3339,#netneutrality                ,2016-06-14
3363,#trump2016                    ,2016-06-13
3375,#stanleycup                   ,2016-06-13
3414,#americafirst                 ,2016-06-11
3414,#trump2016                    ,2016-06-11
3415,#americafirst                 ,2016-06-11
3417,#americafirst                 ,2016-06-11
3418,#trumptrain                   ,2016-06-11
3418,#americafirst                 ,2016-06-11
3423,#makeamericagreatagain        ,2016-06-11
3426,#trump2016                    ,2016-06-11
3433,#trump2016                    ,2016-06-10
3433,#rtm2016                      ,2016-06-10
3435,#trump2016                    ,2016-06-10
3447,#trump2016                    ,2016-06-10
3456,#makeamericagreatagain        ,2016-06-10
3463,#trump2016                    ,2016-06-10
3476,#wibackher                    ,2016-06-09
3499,#imwithher                    ,2016-06-08
3500,#trump2016                    ,2016-06-08
3500,#americafirst                 ,2016-06-08
3502,#historymade                  ,2016-06-08
3506,#imwithher                    ,2016-06-08
3521,#trump2016                    ,2016-06-08
3522,#imwithher                    ,2016-06-08
3524,#trump2016                    ,2016-06-08
3525,#trump2016                    ,2016-06-08
3526,#trump2016                    ,2016-06-08
3528,#trump2016                    ,2016-06-08
3531,#imwithher                    ,2016-06-08
3554,#makeamericagreatagain        ,2016-06-07
3558,#caprimary                    ,2016-06-07
3574,#dday                         ,2016-06-06
3578,#dday                         ,2016-06-06
3583,#1                            ,2016-06-06
3595,#decision2016                 ,2016-06-05
3597,#makeamericagreatagain        ,2016-06-04
3597,#elkhart                      ,2016-06-04
3597,#potus                        ,2016-06-04
3614,#trumptrain                   ,2016-06-04
3614,#votetrump2016                ,2016-06-04
3621,#caprimary                    ,2016-06-03
3621,#makeamericagreatagain        ,2016-06-03
3631,#imwithher                    ,2016-06-03
3642,#trump2016                    ,2016-06-03
3642,#women4ttump                  ,2016-06-03
3649,#trump2016                    ,2016-06-03
3658,#trump2016                    ,2016-06-02
3658,#maga                         ,2016-06-02
3661,#gunviolence                  ,2016-06-02
3674,#saveelephants                ,2016-06-02
3681,#trump2016                    ,2016-06-02
3681,#makeamericagreatagain        ,2016-06-02
3687,#neverdems                    ,2016-06-02
3687,#ca4trump                     ,2016-06-02
3687,#teachers4trump               ,2016-06-02
3689,#makeamericagreatagain        ,2016-06-02
3692,#caribbean                    ,2016-06-02
3699,#trump2016                    ,2016-06-01
3699,#makeamericagreatagain        ,2016-06-01
3725,#trump2016                    ,2016-05-31
3735,#understandslavery            ,2016-05-31
3746,#memorialday                  ,2016-05-30
3750,#trump                        ,2016-05-30
3752,#trump2016                    ,2016-05-30
3765,#mdw                          ,2016-05-28
3773,#trump2016                    ,2016-05-28
3778,#trump2016                    ,2016-05-27
3782,#trump2016                    ,2016-05-27
3785,#trump2016                    ,2016-05-27
3785,#makeamericagreatagain        ,2016-05-27
3788,#tbt                          ,2016-05-27
3793,#trump2016                    ,2016-05-26
3793,#meetthetrumps                ,2016-05-26
3795,#trump2016                    ,2016-05-26
3796,#trump2016                    ,2016-05-26
3799,#sallyrideday                 ,2016-05-26
3809,#uaw                          ,2016-05-25
3811,#trump2016                    ,2016-05-25
3812,#actonclimate                 ,2016-05-25
3833,#makeamericagreatagain        ,2016-05-25
3833,#trumptrain                   ,2016-05-25
3837,#makeamericagreatagain        ,2016-05-25
3837,#trump2016                    ,2016-05-25
3839,#trump2016                    ,2016-05-25
3884,#trump2016                    ,2016-05-22
3889,#maga                         ,2016-05-22
3889,#trump2016                    ,2016-05-22
3900,#stopgunviolence              ,2016-05-21
3901,#armedforcesday               ,2016-05-21
3907,#trumptrain                   ,2016-05-21
3918,#imwithher                    ,2016-05-20
3919,#trump2016                    ,2016-05-20
3921,#trump2016                    ,2016-05-20
3921,#makeamericagreatagain        ,2016-05-20
3924,#2a                           ,2016-05-20
3924,#trump2016                    ,2016-05-20
3925,#changeagents                 ,2016-05-20
3925,#mothersofthemovement         ,2016-05-20
3925,#michaelbrown                 ,2016-05-20
3931,#2a                           ,2016-05-20
3931,#secondamendment              ,2016-05-20
3946,#tbt                          ,2016-05-20
3948,#sayhername                   ,2016-05-19
3977,#trump2016                    ,2016-05-18
3978,#makeamericagreatagain        ,2016-05-18
3987,#americafirst                 ,2016-05-18
3989,#makeamericagreatagain        ,2016-05-18
3989,#trump2016                    ,2016-05-18
3991,#makeamericagreatagain        ,2016-05-18
4007,#megynkellypresents           ,2016-05-18
4012,#makeamericagreatagain        ,2016-05-18
4021,#trump                        ,2016-05-18
4042,#orprimary                    ,2016-05-17
4042,#votetrump                    ,2016-05-17
4055,#madeinamerica                ,2016-05-16
4061,#scotus                       ,2016-05-16
4075,#trump2016                    ,2016-05-16
4075,#makeamericagreatagain        ,2016-05-16
4078,#trump2016                    ,2016-05-15
4085,#trump2016                    ,2016-05-15
4111,#tbt                          ,2016-05-13
4112,#internationalnursesday       ,2016-05-12
4116,#trump2016                    ,2016-05-12
4118,#trump2016                    ,2016-05-12
4122,#tbt                          ,2016-05-12
4134,#statehood                    ,2016-05-11
4134,#washingtondc                 ,2016-05-11
4153,#trump2016                    ,2016-05-11
4153,#makeamericagreatagain        ,2016-05-11
4155,#trump2016                    ,2016-05-10
4155,#makeamericagreatagain        ,2016-05-10
4160,#trump2016                    ,2016-05-10
4160,#makeamericagreatagain        ,2016-05-10
4162,#trump2016                    ,2016-05-10
4162,#makeamericagreatagain        ,2016-05-10
4172,#trump2016                    ,2016-05-10
4172,#makeamericagreatagain        ,2016-05-10
4172,#votetrump                    ,2016-05-10
4173,#trump2016                    ,2016-05-10
4173,#makeamericagreatagain        ,2016-05-10
4173,#votetrump                    ,2016-05-10
4180,#repmikekelly                 ,2016-05-10
4184,#trumpforpresident            ,2016-05-10
4184,#trump2016                    ,2016-05-10
4184,#nebraskaprimary              ,2016-05-10
4208,#gop                          ,2016-05-09
4208,#jenniferrubin                ,2016-05-09
4208,#mattschlapp                  ,2016-05-09
4214,#mothersday                   ,2016-05-08
4222,#madeforhistory               ,2016-05-08
4226,#kentuckyderby                ,2016-05-07
4252,#trumptrain                   ,2016-05-06
4252,#makeamericagreatagain        ,2016-05-06
4256,#trump2016                    ,2016-05-06
4263,#makeamericagreatagain        ,2016-05-05
4263,#trump2016                    ,2016-05-05
4271,#cincodemayo                  ,2016-05-05
4275,#smallbizweek                 ,2016-05-05
4289,#thanksobama                  ,2016-05-04
4309,#teacherappreciationday       ,2016-05-03
4310,#makeamericagreatagain        ,2016-05-03
4310,#trump2016                    ,2016-05-03
4327,#votetrump                    ,2016-05-03
4327,#inprimary                    ,2016-05-03
4329,#votetrump                    ,2016-05-03
4329,#trump2016                    ,2016-05-03
4329,#inprimary                    ,2016-05-03
4332,#trump2016                    ,2016-05-03
4333,#votetrump                    ,2016-05-03
4333,#trump2016                    ,2016-05-03
4334,#votetrump                    ,2016-05-03
4334,#inprimary                    ,2016-05-03
4336,#votetrump                    ,2016-05-03
4336,#inprimary                    ,2016-05-03
4337,#inprimary                    ,2016-05-03
4337,#votetrump                    ,2016-05-03
4341,#inprimary                    ,2016-05-02
4342,#makeamericagreatagain        ,2016-05-02
4344,#makeamericagreatagain        ,2016-05-02
4344,#inprimary                    ,2016-05-02
4344,#votetrump                    ,2016-05-02
4346,#trump2016                    ,2016-05-02
4346,#inprimary                    ,2016-05-02
4349,#makeamericagreatagain        ,2016-05-02
4349,#trump2016                    ,2016-05-02
4368,#inprimary                    ,2016-05-01
4369,#inprimary                    ,2016-05-01
4369,#trump2016                    ,2016-05-01
4370,#makeamericagreatagain        ,2016-05-01
4371,#apahm                        ,2016-05-01
4374,#whcd                         ,2016-05-01
4376,#fns                          ,2016-05-01
4380,#mayday                       ,2016-05-01
4381,#trump2016                    ,2016-05-01
4383,#womancard                    ,2016-04-30
4385,#womancard                    ,2016-04-30
4386,#maga                         ,2016-04-30
4386,#trump2016                    ,2016-04-30
4388,#lovetrumpshate               ,2016-04-30
4393,#womancard                    ,2016-04-29
4394,#hillaryoncnn                 ,2016-04-29
4395,#womancard                    ,2016-04-29
4401,#trump2016                    ,2016-04-29
4406,#trump2016                    ,2016-04-29
4409,#womancard                    ,2016-04-29
4410,#womancard                    ,2016-04-29
4411,#indprimary                   ,2016-04-29
4413,#trump                        ,2016-04-29
4417,#makeamericagreatagain        ,2016-04-28
4418,#tbt                          ,2016-04-28
4419,#tbt                          ,2016-04-28
4438,#trump2016                    ,2016-04-27
4439,#indiana                      ,2016-04-27
4440,#makeamericagreatagain        ,2016-04-27
4444,#womancard                    ,2016-04-27
4459,#imwithher                    ,2016-04-27
4482,#trump2016                    ,2016-04-27
4486,#trump2016                    ,2016-04-27
4487,#trump2016                    ,2016-04-27
4488,#trump2016                    ,2016-04-27
4489,#trump2016                    ,2016-04-27
4495,#trump2016                    ,2016-04-26
4498,#votetrump                    ,2016-04-26
4498,#makeamericagreatagain        ,2016-04-26
4499,#votetrump                    ,2016-04-26
4500,#votetrump                    ,2016-04-26
4501,#votetrump                    ,2016-04-26
4502,#votetrump                    ,2016-04-26
4509,#estoyconella                 ,2016-04-26
4511,#trump2016                    ,2016-04-26
4516,#msnbctownhall                ,2016-04-26
4517,#trump2016                    ,2016-04-26
4517,#makeamericagreatagain        ,2016-04-26
4518,#msnbctownhall                ,2016-04-26
4519,#riprimary                    ,2016-04-26
4519,#paprimary                    ,2016-04-26
4519,#mdprimary                    ,2016-04-26
4519,#deprimary                    ,2016-04-26
4519,#ctprimary                    ,2016-04-26
4522,#estoyconella                 ,2016-04-25
4523,#makeamericagreatagain        ,2016-04-25
4524,#votetrump                    ,2016-04-25
4524,#paprimary                    ,2016-04-25
4525,#votetrump                    ,2016-04-25
4525,#riprimary                    ,2016-04-25
4546,#gop                          ,2016-04-24
4546,#nyprimary                    ,2016-04-24
4556,#trumptrain                   ,2016-04-23
4556,#makeamericagreatagain        ,2016-04-23
4556,#trump2016                    ,2016-04-23
4557,#trump2016                    ,2016-04-23
4557,#makeamericagreatagain        ,2016-04-23
4559,#trump2016                    ,2016-04-23
4559,#makeamericagreatagain        ,2016-04-23
4561,#makeamericagreatagain        ,2016-04-23
4565,#trump2016                    ,2016-04-23
4567,#trump2016                    ,2016-04-22
4568,#trump2016                    ,2016-04-22
4568,#makeamericagreatagain        ,2016-04-22
4569,#makeamericagreatagain        ,2016-04-22
4569,#trump2016                    ,2016-04-22
4570,#earthday                     ,2016-04-22
4574,#actonclimate                 ,2016-04-22
4576,#trump2016                    ,2016-04-22
4576,#makeamericagreatagain        ,2016-04-22
4584,#hillaryclinton               ,2016-04-21
4584,#prince                       ,2016-04-21
4591,#stopgunviolence              ,2016-04-21
4593,#hillaryongma                 ,2016-04-21
4593,#tbt                          ,2016-04-21
4596,#trump2016                    ,2016-04-21
4601,#makeamericagreatagain        ,2016-04-20
4601,#trump2016                    ,2016-04-20
4607,#trump360                     ,2016-04-20
4608,#trump2016                    ,2016-04-20
4630,#trump2016                    ,2016-04-20
4630,#makeamericagreatagain        ,2016-04-20
4633,#makeamericagreatagain        ,2016-04-19
4633,#trump2016                    ,2016-04-19
4633,#trumptrain                   ,2016-04-19
4634,#primaryday                   ,2016-04-19
4635,#makeamericagreatagain        ,2016-04-19
4638,#makeamericagreatagain        ,2016-04-19
4638,#trump2016                    ,2016-04-19
4640,#primaryday                   ,2016-04-19
4641,#votetrump                    ,2016-04-19
4641,#nyprimary                    ,2016-04-19
4641,#newyorkvalues                ,2016-04-19
4642,#primaryday                   ,2016-04-19
4642,#votetrumpny                  ,2016-04-19
4642,#trump2016                    ,2016-04-19
4642,#potus                        ,2016-04-19
4646,#makeamericagreatagain        ,2016-04-19
4647,#trump2016                    ,2016-04-19
4647,#icymi                        ,2016-04-19
4648,#primaryday                   ,2016-04-19
4649,#primaryday                   ,2016-04-19
4650,#makeamericagreatagain        ,2016-04-19
4650,#trump2016                    ,2016-04-19
4651,#primaryday                   ,2016-04-19
4651,#ivoted                       ,2016-04-19
4658,#nyprimary                    ,2016-04-19
4659,#fightforfamilies             ,2016-04-19
4661,#eastvillage                  ,2016-04-19
4662,#lssc                         ,2016-04-18
4667,#fightforfamilies             ,2016-04-18
4671,#houstonflood                 ,2016-04-18
4673,#fightforfamilies             ,2016-04-18
4681,#newyorkvalues                ,2016-04-17
4683,#makeamericagreatagain        ,2016-04-17
4688,#hrc4pa                       ,2016-04-17
4695,#trump2016                    ,2016-04-17
4695,#makeamericagreatagain        ,2016-04-17
4696,#trumptrain                   ,2016-04-16
4696,#nyprimary                    ,2016-04-16
4697,#trump2016                    ,2016-04-16
4698,#makeamericagreatagain        ,2016-04-16
4698,#votetrumpny                  ,2016-04-16
4700,#primary                      ,2016-04-16
4700,#presidenttrump               ,2016-04-16
4700,#trump2016                    ,2016-04-16
4702,#nyprimary                    ,2016-04-16
4703,#nyprimary                    ,2016-04-16
4704,#icymi                        ,2016-04-16
4710,#trump2016                    ,2016-04-15
4710,#nyprimary                    ,2016-04-15
4711,#trump2016                    ,2016-04-15
4712,#trump2016                    ,2016-04-15
4714,#trump2016                    ,2016-04-14
4714,#nyprimary                    ,2016-04-14
4715,#trump2016                    ,2016-04-14
4715,#makeamericagreatagain        ,2016-04-14
4719,#trump2016                    ,2016-04-13
4720,#trumptrain                   ,2016-04-13
4720,#trump2016                    ,2016-04-13
4722,#newyorkvalues                ,2016-04-12
4723,#trump2016                    ,2016-04-12
4723,#makeamericagreatagain        ,2016-04-12
4724,#makeamericagreatagain        ,2016-04-12
4724,#trump2016                    ,2016-04-12
4725,#newyorkvalues                ,2016-04-12
4725,#trump2016                    ,2016-04-12
4726,#trump2016                    ,2016-04-11
4726,#makeamericagreatagain        ,2016-04-11
4727,#nyprimary                    ,2016-04-11
4727,#trump2016                    ,2016-04-11
4728,#trumptrain                   ,2016-04-11
4728,#trump2016                    ,2016-04-11
4736,#trumptrain                   ,2016-04-11
4745,#trumptrain                   ,2016-04-10
4745,#trump2016                    ,2016-04-10
4745,#makeamericagreatagain        ,2016-04-10
4749,#makeamericagreatagain        ,2016-04-10
4755,#newyorkvalues                ,2016-04-09
4760,#trump2016                    ,2016-04-09
4760,#makeamericagreatagain        ,2016-04-09
4762,#makeamericagreatagain        ,2016-04-09
4764,#trump                        ,2016-04-09
4765,#haileypuckett                ,2016-04-09
4767,##                            ,2016-04-08
4772,#wakeupamerica                ,2016-04-08
4773,#makeamericagreatagain        ,2016-04-08
4773,#newday                       ,2016-04-08
4779,#makeamericagreatagain        ,2016-04-08
4785,#maga                         ,2016-04-05
4785,#trump2016                    ,2016-04-05
4785,#wiprimary                    ,2016-04-05
4787,#trumptrain                   ,2016-04-05
4787,#makeamericagreatagain        ,2016-04-05
4787,#wisconsin                    ,2016-04-05
4793,#trump2016                    ,2016-04-05
4793,#wiprimary                    ,2016-04-05
4795,#wiprimary                    ,2016-04-04
4795,#trump2016                    ,2016-04-04
4797,#wisconsin                    ,2016-04-04
4799,#wiprimary                    ,2016-04-04
4799,#trump2016                    ,2016-04-04
4802,#wiprimary                    ,2016-04-04
4802,#votetrumpwi                  ,2016-04-04
4803,#trump2016                    ,2016-04-03
4803,#makeamericagreatagain        ,2016-04-03
4804,#trump2016                    ,2016-04-03
4804,#wiprimary                    ,2016-04-03
4805,#trump2016                    ,2016-04-03
4805,#makeamericagreatagain        ,2016-04-03
4806,#trump2016                    ,2016-04-03
4806,#makeamericagreatagain        ,2016-04-03
4807,#trump2016                    ,2016-04-03
4808,#wiprimary                    ,2016-04-03
4808,#trump2016                    ,2016-04-03
4809,#trump2016                    ,2016-04-03
4809,#makeamericagreatagain        ,2016-04-03
4810,#wisconsin                    ,2016-04-03
4814,#votetrump                    ,2016-04-03
4815,#trump2016                    ,2016-04-02
4816,#trumptrain                   ,2016-04-02
4816,#wiprimary                    ,2016-04-02
4816,#trump2016                    ,2016-04-02
4816,#eauclaire                    ,2016-04-02
4816,#wausau                       ,2016-04-02
4816,#racine                       ,2016-04-02
4819,#johnryder                    ,2016-04-02
4820,#trump2016                    ,2016-04-02
4820,#wiprimary                    ,2016-04-02
4828,#trump2016                    ,2016-04-01
4828,#wiprimary                    ,2016-04-01
4833,#trump2016                    ,2016-03-31
4834,#makeamericagreatagain        ,2016-03-31
4834,#trump2016                    ,2016-03-31
4835,#wiprimary                    ,2016-03-31
4835,#votetrump                    ,2016-03-31
4837,#trump2016                    ,2016-03-31
4840,#trump2016                    ,2016-03-30
4840,#wiprimary                    ,2016-03-30
4841,#trump2016                    ,2016-03-30
4841,#makeamericagreatagain        ,2016-03-30
4842,#trump2016                    ,2016-03-30
4842,#makeamericagreatagain        ,2016-03-30
4845,#'s                           ,2016-03-29
4845,#'s                           ,2016-03-29
4846,#trump2016                    ,2016-03-29
4848,#makeamericagreatagain        ,2016-03-29
4869,#makeamericagreatagain        ,2016-03-28
4869,#wiprimary                    ,2016-03-28
4886,#women4trump                  ,2016-03-26
4888,#derp                         ,2016-03-26
4892,#lyingted                     ,2016-03-24
4905,#votetrump2016                ,2016-03-24
4914,#nevercruz                    ,2016-03-24
4914,#lyingted                     ,2016-03-24
4917,#trump2016                    ,2016-03-23
4926,#trumptrain                   ,2016-03-23
4926,#makeamericagreatagain        ,2016-03-23
4926,#trump2016                    ,2016-03-23
4930,#trumptrain                   ,2016-03-23
4930,#westerntuesday               ,2016-03-23
4930,#trump2016                    ,2016-03-23
4933,#potus                        ,2016-03-22
4935,#trump2016                    ,2016-03-22
4935,#makeamericagreatagain        ,2016-03-22
4935,#utcaucus                     ,2016-03-22
4935,#utahcaucus                   ,2016-03-22
4936,#trump2016                    ,2016-03-22
4936,#makeamericagreatagain        ,2016-03-22
4936,#azprimary                    ,2016-03-22
4936,#arizonaprimary               ,2016-03-22
4937,#americansamoa                ,2016-03-22
4937,#utcaucus                     ,2016-03-22
4937,#utahcaucus                   ,2016-03-22
4937,#arizonaprimary               ,2016-03-22
4937,#azprimary                    ,2016-03-22
4937,#votetrump                    ,2016-03-22
4938,#brussels                     ,2016-03-22
4940,#arizona                      ,2016-03-22
4944,#aipac2016                    ,2016-03-21
4956,#trump2016                    ,2016-03-20
4956,#makeamericagreatagain        ,2016-03-20
4956,#azprimary                    ,2016-03-20
4956,#votetrump                    ,2016-03-20
4957,#makeamericagreatagain        ,2016-03-20
4957,#votetrump                    ,2016-03-20
4958,#makeamericagreatagain        ,2016-03-20
4959,#makeamericagreatagain        ,2016-03-20
4960,#trump2016                    ,2016-03-19
4960,#wattersworld                 ,2016-03-19
4961,#makeamericagreatagain        ,2016-03-19
4961,#votetrump                    ,2016-03-19
4963,#trump2016                    ,2016-03-19
4963,#makeamericagreatagain        ,2016-03-19
4966,#utah4trump                   ,2016-03-19
4966,#utahprimary                  ,2016-03-19
4966,#mormon                       ,2016-03-19
4966,#utah                         ,2016-03-19
4966,#trumpcountry                 ,2016-03-19
4968,#utah                         ,2016-03-19
4970,#votetrump                    ,2016-03-19
4971,#trump                        ,2016-03-19
4971,#trump                        ,2016-03-19
4972,#trump2016                    ,2016-03-19
4973,#ut                           ,2016-03-19
4973,#az                           ,2016-03-19
4976,#trump2016                    ,2016-03-19
4976,#makeamericagreatagain        ,2016-03-19
4977,#trump2016                    ,2016-03-19
4980,#makeamericagreatagain        ,2016-03-19
4980,#trump2016                    ,2016-03-19
4988,#trump2016                    ,2016-03-18
4988,#makeamericagreatagain        ,2016-03-18
4989,#makeamericagreatagain        ,2016-03-18
4989,#trump2016                    ,2016-03-18
5000,#trump2016                    ,2016-03-18
5000,#makeamericagreatagain        ,2016-03-18
5015,#trump2016                    ,2016-03-16
5031,#makeamericagreatagain        ,2016-03-16
5034,#trump2016                    ,2016-03-16
5034,#makeamericagreatagain        ,2016-03-16
5034,#supertuesday                 ,2016-03-16
5035,#makeamericagreatagain        ,2016-03-16
5035,#supertuesday                 ,2016-03-16
5035,#trump2016                    ,2016-03-16
5037,#trump2016                    ,2016-03-16
5037,#makeamericagreatagain        ,2016-03-16
5037,#supertuesday                 ,2016-03-16
5038,#makeamericagreatagain        ,2016-03-16
5038,#trump2016                    ,2016-03-16
5045,#cnn                          ,2016-03-15
5054,#votetrump                    ,2016-03-15
5054,#supertuesday                 ,2016-03-15
5055,#supertuesday                 ,2016-03-15
5055,#votetrump                    ,2016-03-15
5061,#go                           ,2016-03-15
5065,#makeamericagreatagain        ,2016-03-15
5066,#trump2016                    ,2016-03-14
5066,#votetrump                    ,2016-03-14
5067,#makeamericagreatagain        ,2016-03-14
5069,#votetrump                    ,2016-03-14
5071,#votetrump                    ,2016-03-14
5072,#makeamericagreatagain        ,2016-03-14
5072,#trump2016                    ,2016-03-14
5072,#votetrump                    ,2016-03-14
5073,#trumptrain                   ,2016-03-13
5086,#trump2016                    ,2016-03-12
5086,#endcommoncore                ,2016-03-12
5092,#trump2016                    ,2016-03-12
5092,#makeamericagreatagain        ,2016-03-12
5093,#trump2016                    ,2016-03-12
5093,#makeamericagreatagain        ,2016-03-12
5100,#trump2016                    ,2016-03-11
5100,#votetrump                    ,2016-03-11
5101,#trump2016                    ,2016-03-11
5102,#trump2016                    ,2016-03-11
5102,#makeamericagreatagain        ,2016-03-11
5110,#gopdebate                    ,2016-03-11
5111,#nevertrump                   ,2016-03-11
5112,#makeamericagreatagain        ,2016-03-11
5112,#trump2016                    ,2016-03-11
5113,#gopdebate                    ,2016-03-11
5114,#donald                       ,2016-03-10
5116,#lightweightsenatormarcorubio ,2016-03-09
5117,#trump2016                    ,2016-03-09
5117,#makeamericagreatagain        ,2016-03-09
5119,#trump2016                    ,2016-03-09
5121,#trump2016                    ,2016-03-09
5121,#trumptrain                   ,2016-03-09
5122,#trump2016                    ,2016-03-09
5123,#trump2016                    ,2016-03-09
5124,#trump2016                    ,2016-03-09
5125,#trump2016                    ,2016-03-08
5128,#mahalo                       ,2016-03-08
5128,#trumpwaikiki                 ,2016-03-08
5129,#mediafraud                   ,2016-03-08
5145,#msprimary                    ,2016-03-07
5155,#trumpdog                     ,2016-03-06
5156,#trumptrain                   ,2016-03-06
5159,#1                            ,2016-03-06
5164,#trump2016                    ,2016-03-06
5165,#makeamericagreatagain        ,2016-03-06
5168,#supersaturday                ,2016-03-06
5168,#trump2016                    ,2016-03-06
5169,#supersaturday                ,2016-03-05
5169,#trump2016                    ,2016-03-05
5170,#makeamericagreatagain        ,2016-03-05
5172,#makeamericagreatagain        ,2016-03-05
5172,#votetrump                    ,2016-03-05
5173,#trumptrain                   ,2016-03-05
5174,#littlemarco                  ,2016-03-05
5178,#trump2016                    ,2016-03-05
5178,#makeamericagreatagain        ,2016-03-05
5178,#kansascaucus                 ,2016-03-05
5179,#caucusfortrump               ,2016-03-05
5180,#makeamericagreatagain        ,2016-03-05
5180,#votetrump                    ,2016-03-05
5186,#trump2016                    ,2016-03-05
5186,#makeamericagreatagain        ,2016-03-05
5187,#votetrump                    ,2016-03-04
5187,#makeamericagreatagain        ,2016-03-04
5189,#trump2016                    ,2016-03-04
5189,#makeamericagreatagain        ,2016-03-04
5190,#votetrumpmi                  ,2016-03-04
5192,#trump2016                    ,2016-03-04
5192,#makeamericagreatagain        ,2016-03-04
5193,#morningjoe                   ,2016-03-04
5195,#trump2016                    ,2016-03-04
5196,#trump2016                    ,2016-03-04
5196,#makeamericagreatagain        ,2016-03-04
5197,#gopdebate                    ,2016-03-04
5200,#trump2016                    ,2016-03-03
5200,#makeamericagreatagain        ,2016-03-03
5201,#trump2016                    ,2016-03-03
5202,#trumptrain                   ,2016-03-03
5202,#gopdebate                    ,2016-03-03
5204,#maga                         ,2016-03-03
5217,#trump2016                    ,2016-03-02
5217,#makeamericagreatagain        ,2016-03-02
5223,#fox                          ,2016-03-02
5223,#neilcavuto                   ,2016-03-02
5223,#kenlangone                   ,2016-03-02
5225,#ontherecord                  ,2016-03-02
5231,#supertuesday                 ,2016-03-02
5235,#supertuesday                 ,2016-03-02
5235,#trump2016                    ,2016-03-02
5236,#supertuesday                 ,2016-03-02
5236,#trump2016                    ,2016-03-02
5237,#supertuesday                 ,2016-03-02
5237,#trump2016                    ,2016-03-02
5238,#supertuesday                 ,2016-03-02
5238,#trump2016                    ,2016-03-02
5239,#supertuesday                 ,2016-03-02
5239,#trump2016                    ,2016-03-02
5240,#supertuesday                 ,2016-03-02
5240,#trump2016                    ,2016-03-02
5241,#trump2016                    ,2016-03-01
5241,#supertuesday                 ,2016-03-01
5242,#makeamericagreatagain        ,2016-03-01
5242,#votetrump                    ,2016-03-01
5243,#supertuesday                 ,2016-03-01
5243,#makeamericagreatagain        ,2016-03-01
5243,#trump2016                    ,2016-03-01
5243,#votetrump                    ,2016-03-01
5245,#makeamericagreatagain        ,2016-03-01
5245,#supertuesday                 ,2016-03-01
5249,#fail#politician              ,2016-03-01
5251,#supertuesday                 ,2016-03-01
5251,#votetrump                    ,2016-03-01
5252,#supertuesday                 ,2016-03-01
5252,#votetrump                    ,2016-03-01
5253,#votetrump                    ,2016-02-29
5253,#trump2016                    ,2016-02-29
5253,#nascar                       ,2016-02-29
5256,#votetrump                    ,2016-02-29
5258,#trump2016                    ,2016-02-29
5259,#trump2016                    ,2016-02-29
5259,#makeamericagreatagain        ,2016-02-29
5260,#trump2016                    ,2016-02-29
5260,#makeamericagreatagain        ,2016-02-29
5262,#trump2016                    ,2016-02-29
5262,#makeamericagreatagain        ,2016-02-29
5265,#trump2016                    ,2016-02-28
5269,#robotrubio                   ,2016-02-28
5283,#makeamericagreatagain        ,2016-02-28
5286,#trumptrain                   ,2016-02-28
5286,#trump2016                    ,2016-02-28
5286,#alwaystrump                  ,2016-02-28
5289,#makeamericagreatagain        ,2016-02-27
5289,#stopcommoncore               ,2016-02-27
5300,#votetrump                    ,2016-02-27
5301,#trump2016                    ,2016-02-27
5304,#trump2016                    ,2016-02-27
5304,#makeamericagreatagain        ,2016-02-27
5305,#greta                        ,2016-02-27
5308,#makeamericagreatagain        ,2016-02-26
5309,#makeamericagreatagain        ,2016-02-26
5309,#trump2016                    ,2016-02-26
5311,#trump2016                    ,2016-02-26
5311,#makeamericagreatagain        ,2016-02-26
5327,#makeamericagreatagain        ,2016-02-26
5327,#supertuesday                 ,2016-02-26
5327,#lonestarstate                ,2016-02-26
5329,#trump2016                    ,2016-02-26
5331,#makeamericagreatagain        ,2016-02-26
5331,#gopdebate                    ,2016-02-26
5332,#trump2016                    ,2016-02-25
5333,#trump2016                    ,2016-02-25
5333,#makeamericagreatagain        ,2016-02-25
5336,#trump2016                    ,2016-02-25
5337,#trump2016                    ,2016-02-25
5337,#makeyoutubegreatagain        ,2016-02-25
5344,#makeamericagreatagain        ,2016-02-25
5344,#votetrump                    ,2016-02-25
5349,#makeamericagreatagain        ,2016-02-25
5351,#noloyalty                    ,2016-02-25
5353,#trump2016                    ,2016-02-25
5360,#trump2016                    ,2016-02-24
5366,#trump2016                    ,2016-02-24
5370,#makeamericagreatagain        ,2016-02-24
5370,#trump2016                    ,2016-02-24
5375,#nvcaucus                     ,2016-02-24
5377,#nevadacaucus                 ,2016-02-23
5377,#votetrumpnv                  ,2016-02-23
5382,#trumplv                      ,2016-02-23
5383,#votetrumpnv                  ,2016-02-23
5383,#nevadacaucus                 ,2016-02-23
5391,#votetrumpnv                  ,2016-02-23
5391,#nevadacaucus                 ,2016-02-23
5392,#nevadacaucus                 ,2016-02-23
5392,#votetrumpnv                  ,2016-02-23
5393,#trumpnv                      ,2016-02-23
5393,#trump2016                    ,2016-02-23
5397,#votetrumpvt                  ,2016-02-23
5398,#votetrumpmi                  ,2016-02-23
5399,#votetrumpnc                  ,2016-02-23
5400,#votetrumpma                  ,2016-02-23
5402,#votetrumpil                  ,2016-02-23
5403,#icymi                        ,2016-02-23
5403,#trump2016                    ,2016-02-23
5404,#trump2016                    ,2016-02-22
5404,#hannity                      ,2016-02-22
5411,#votetrumpnv                  ,2016-02-22
5411,#bikersfortrump               ,2016-02-22
5413,#trump2016                    ,2016-02-22
5420,#trump2016                    ,2016-02-22
5420,#votetrumpnv                  ,2016-02-22
5423,#trump2016                    ,2016-02-21
5423,#votetrumpnv                  ,2016-02-21
5430,#trump2016                    ,2016-02-21
5442,#makeamericagreatagain        ,2016-02-20
5442,#scprimary                    ,2016-02-20
5443,#watch                        ,2016-02-20
5445,#fairandbalancedmyass         ,2016-02-20
5446,#votetrump                    ,2016-02-20
5446,#votetrump                    ,2016-02-20
5446,#votetrump                    ,2016-02-20
5448,#ted                          ,2016-02-20
5449,#southcarolina                ,2016-02-20
5454,#makeamericagreatagain        ,2016-02-19
5454,#obamacare                    ,2016-02-19
5458,#obamacare                    ,2016-02-19
5459,#makeamericagreatagain        ,2016-02-19
5459,#votetrumpsc                  ,2016-02-19
5459,#scprimary                    ,2016-02-19
5460,#makeamericagreatagain        ,2016-02-19
5462,#trump2016                    ,2016-02-19
5462,#votetrumpsc                  ,2016-02-19
5463,#votetrumpsc                  ,2016-02-19
5463,#trump2016                    ,2016-02-19
5464,#vaticanwalls                 ,2016-02-18
5465,#trump2016                    ,2016-02-18
5465,#scprimary                    ,2016-02-18
5466,#trump2016                    ,2016-02-18
5466,#scprimary                    ,2016-02-18
5472,#votetrumpsc                  ,2016-02-18
5473,#trump2016                    ,2016-02-18
5478,#trump2016                    ,2016-02-17
5478,#votetrumpsc                  ,2016-02-17
5478,#scprimary                    ,2016-02-17
5479,#trump2016                    ,2016-02-17
5479,#makeamericagreatagain        ,2016-02-17
5480,#trump2016                    ,2016-02-17
5480,#makeamericagreatagain        ,2016-02-17
5487,#trump2016                    ,2016-02-17
5487,#potus                        ,2016-02-17
5488,#scprimary                    ,2016-02-17
5495,#lssc                         ,2016-02-16
5495,#colbert                      ,2016-02-16
5496,#trump2016                    ,2016-02-16
5496,#makeamericagreatagain        ,2016-02-16
5498,#maitnerstrong                ,2016-02-16
5498,#teamtrump                    ,2016-02-16
5499,#votetrumpsc                  ,2016-02-16
5500,#makeamericagreatagain        ,2016-02-16
5503,#votetrumpsc                  ,2016-02-16
5504,#votetrumpsc                  ,2016-02-15
5505,#makeamericagreatagain        ,2016-02-15
5506,#votetrumpsc                  ,2016-02-15
5506,#trump2016                    ,2016-02-15
5522,#gopdebate                    ,2016-02-14
5524,#gopdebate                    ,2016-02-14
5526,#gopdebate                    ,2016-02-14
5527,#gopdebate                    ,2016-02-14
5531,#mexico                       ,2016-02-13
5531,#jobs                         ,2016-02-13
5531,#carrier                      ,2016-02-13
5531,#ford                         ,2016-02-13
5531,#trump                        ,2016-02-13
5533,#southcarolinaprimary         ,2016-02-13
5534,#trump2016                    ,2016-02-13
5544,#makeamericagreatagain        ,2016-02-13
5544,#trump2016                    ,2016-02-13
5548,#makeamericagreatagain        ,2016-02-13
5553,#trump2016                    ,2016-02-12
5557,#makeamericagreatagain        ,2016-02-12
5568,#trump2016                    ,2016-02-12
5568,#makeamericagreatagain        ,2016-02-12
5569,#makeamericagreatagain        ,2016-02-12
5572,#makeamericagreatagain        ,2016-02-11
5572,#trump2016                    ,2016-02-11
5581,#scprimary                    ,2016-02-11
5581,#makeamericagreatagain        ,2016-02-11
5592,#nhprimary                    ,2016-02-09
5592,#fitn                         ,2016-02-09
5597,#votetrumpnh                  ,2016-02-09
5597,#nhprimary                    ,2016-02-09
5597,#fitn                         ,2016-02-09
5598,#votetrumpnh                  ,2016-02-09
5599,#fitn                         ,2016-02-09
5599,#makeamericagreatagain        ,2016-02-09
5599,#votetrumpnh                  ,2016-02-09
5606,#fitn                         ,2016-02-09
5607,#votetrumpnh                  ,2016-02-08
5607,#nhprimary                    ,2016-02-08
5607,#fitn                         ,2016-02-08
5609,#votetrumpnh                  ,2016-02-08
5609,#fitn                         ,2016-02-08
5614,#commoncore                   ,2016-02-08
5615,#nhprimary                    ,2016-02-08
5615,#fitn                         ,2016-02-08
5619,#sb50                         ,2016-02-07
5619,#superbowlsunday              ,2016-02-07
5619,#gopdebate                    ,2016-02-07
5620,#nhprimary                    ,2016-02-07
5620,#fitn                         ,2016-02-07
5623,#votetrumpnh                  ,2016-02-07
5623,#fitn                         ,2016-02-07
5629,#gopdebate                    ,2016-02-07
5630,#gopdebate                    ,2016-02-07
5639,#gopdebate                    ,2016-02-07
5640,#gplfers                      ,2016-02-07
5641,#gopdebate                    ,2016-02-07
5643,#trumptrain                   ,2016-02-06
5643,#makeamericagreatagain        ,2016-02-06
5649,#nhprimary                    ,2016-02-06
5649,#fitn                         ,2016-02-06
5652,#makeamericagreatagain        ,2016-02-06
5652,#hannity                      ,2016-02-06
5654,#votetrump                    ,2016-02-06
5662,#trumpsupporters              ,2016-02-05
5665,#makeamericagreatagain        ,2016-02-05
5666,#makeamericagreatagain        ,2016-02-05
5667,#makeamericagreatagain        ,2016-02-05
5669,#votetrumpnh                  ,2016-02-05
5669,#fitn                         ,2016-02-05
5669,#newhampshire                 ,2016-02-05
5671,#trump2016                    ,2016-02-05
5671,#nhpolitics                   ,2016-02-05
5671,#fitn                         ,2016-02-05
5676,#trump2016                    ,2016-02-04
5681,#trump2016                    ,2016-02-03
5683,#votersspeak                  ,2016-02-03
5683,#makeamericagreatagain        ,2016-02-03
5684,#fitn                         ,2016-02-03
5684,#makeamericagreatagain        ,2016-02-03
5686,#obamacare-                   ,2016-02-03
5688,#cruzfraud                    ,2016-02-03
5697,#trump2016                    ,2016-02-02
5697,#fitn                         ,2016-02-02
5700,#trumptrain                   ,2016-02-02
5714,#caucusfortrump               ,2016-01-31
5715,#iacaucus                     ,2016-01-31
5715,#caucusfortrump               ,2016-01-31
5717,#caucusfortrump               ,2016-01-31
5718,#caucusfortrump               ,2016-01-31
5731,#caucusfortrump               ,2016-01-30
5731,#iacaucus                     ,2016-01-30
5735,#caucusfortrump               ,2016-01-30
5738,#caucusfortrump               ,2016-01-30
5738,#iacaucus                     ,2016-01-30
5745,#iacaucus                     ,2016-01-29
5745,#trump2016                    ,2016-01-29
5745,#makeamericagreatagain        ,2016-01-29
5747,#trump2016                    ,2016-01-29
5748,#trump2016                    ,2016-01-29
5748,#iacaucus                     ,2016-01-29
5749,#trump2016                    ,2016-01-29
5749,#makeamericagreatagain        ,2016-01-29
5752,#gopdebate                    ,2016-01-29
5758,#gopdebate                    ,2016-01-29
5758,#makeamericagreatagain        ,2016-01-29
5758,#iacaucus                     ,2016-01-29
5760,#thankavet                    ,2016-01-29
5761,#gopdebate                    ,2016-01-29
5767,#trump4vets                   ,2016-01-28
5768,#trump2016                    ,2016-01-28
5770,#gopdebate                    ,2016-01-28
5771,#rogerailes                   ,2016-01-28
5771,#foxnews                      ,2016-01-28
5771,#michaelmoore                 ,2016-01-28
5777,#iowa                         ,2016-01-28
5783,#yuge                         ,2016-01-28
5791,#makeamericagreatagain        ,2016-01-27
5791,#trump2016                    ,2016-01-27
5798,#makeamericagreatagain        ,2016-01-26
5798,#trump2016                    ,2016-01-26
5799,#gopdebate                    ,2016-01-26
5800,#trump2016                    ,2016-01-26
5800,#makeamericagreatagain        ,2016-01-26
5802,#trump2016                    ,2016-01-26
5803,#iacaucus                     ,2016-01-26
5803,#trump2016                    ,2016-01-26
5805,#gopdebate                    ,2016-01-26
5808,#makeamericagreatagain        ,2016-01-26
5808,#iacaucus                     ,2016-01-26
5810,#trump2016                    ,2016-01-26
5810,#makeamericagreatagain        ,2016-01-26
5828,#trump2016                    ,2016-01-25
5828,#fitn                         ,2016-01-25
5829,#fitn                         ,2016-01-25
5830,#iowacaucus                   ,2016-01-25
5832,#fitn                         ,2016-01-25
5835,#'s                           ,2016-01-25
5838,#trump2016                    ,2016-01-25
5838,#fitn                         ,2016-01-25
5838,#iacaucus                     ,2016-01-25
5838,#votetrump                    ,2016-01-25
5841,#newyorkvalues                ,2016-01-25
5841,#jonas                        ,2016-01-25
5841,#newyork                      ,2016-01-25
5842,#makeamericagreatagain        ,2016-01-25
5842,#trump2016                    ,2016-01-25
5842,#iacaucus                     ,2016-01-25
5844,#trump2016                    ,2016-01-25
5845,#makeamericagreatagain        ,2016-01-25
5845,#trump2016                    ,2016-01-25
5849,#trump                        ,2016-01-25
5849,#makeamericagreatagain        ,2016-01-25
5849,#wewanttrump                  ,2016-01-25
5849,#wearebernie                  ,2016-01-25
5850,#trump2016                    ,2016-01-25
5850,#makeamericagreatagain        ,2016-01-25
5850,#withcruzyoulose              ,2016-01-25
5856,#votetrump                    ,2016-01-24
5857,#makeamericagreatagain        ,2016-01-24
5858,#trump2016                    ,2016-01-24
5858,#fitn                         ,2016-01-24
5859,#iacaucus                     ,2016-01-24
5859,#trump2016                    ,2016-01-24
5860,#trump2016                    ,2016-01-24
5863,#americagreatagain            ,2016-01-24
5865,#excellent                    ,2016-01-24
5872,#trump2016                    ,2016-01-23
5875,#makeamericagreatagain        ,2016-01-23
5875,#iacaucus                     ,2016-01-23
5884,#votetrump                    ,2016-01-23
5884,#trump2016                    ,2016-01-23
5888,#rnc                          ,2016-01-23
5888,#trump2016                    ,2016-01-23
5889,#trump2016                    ,2016-01-23
5891,#potus                        ,2016-01-23
5897,#trump2016                    ,2016-01-22
5899,#trump2016                    ,2016-01-22
5902,#trump2016                    ,2016-01-22
5902,#makeamericagreatagain        ,2016-01-22
5903,#trump2016                    ,2016-01-22
5903,#makeamericagreatagain        ,2016-01-22
5910,#tedcruz                      ,2016-01-22
5910,#naturalborn                  ,2016-01-22
5910,#commonlaw                    ,2016-01-22
5910,#marybrigidmcmanamon          ,2016-01-22
5911,#cruz                         ,2016-01-22
5911,#marybrigidmcmanamon          ,2016-01-22
5913,#laurencetribe                ,2016-01-22
5914,#laurencetribe                ,2016-01-22
5914,#tedcruz                      ,2016-01-22
5915,#votetrump                    ,2016-01-22
5915,#makeamericagreatagain        ,2016-01-22
5916,#trumptrain                   ,2016-01-22
5919,#trump2016                    ,2016-01-22
5923,#trump2016                    ,2016-01-22
5923,#makeamericagreatagain        ,2016-01-22
5923,#iacaucus                     ,2016-01-22
5923,#fitn                         ,2016-01-22
5925,#trump2016                    ,2016-01-21
5926,#trump2016                    ,2016-01-21
5927,#trump2016                    ,2016-01-21
5934,#trump2016                    ,2016-01-21
5934,#makeamericagreatagain        ,2016-01-21
5935,#votetrump                    ,2016-01-21
5938,#trump2016                    ,2016-01-20
5938,#fitn                         ,2016-01-20
5940,#nhpolitics                   ,2016-01-20
5940,#trump2016                    ,2016-01-20
5940,#fitn                         ,2016-01-20
5941,#trump2016                    ,2016-01-20
5945,#trump2016                    ,2016-01-20
5945,#makeamericagreatagain        ,2016-01-20
5950,#economy                      ,2016-01-19
5950,#makeamericagreatagain        ,2016-01-19
5950,#trump2016                    ,2016-01-19
5957,#trump2016                    ,2016-01-19
5958,#trump2016                    ,2016-01-19
5958,#makeamericagreatagain        ,2016-01-19
5961,#teamtrump                    ,2016-01-19
5964,#2016                         ,2016-01-19
5964,#cbnnews                      ,2016-01-19
5968,#trump2016                    ,2016-01-18
5969,#trump2016                    ,2016-01-18
5970,#trump2016                    ,2016-01-18
5971,#obamacare                    ,2016-01-18
5975,#trump2016                    ,2016-01-17
5985,#trump2016                    ,2016-01-16
5985,#makeamericagreatagain        ,2016-01-16
5999,#harveypitt                   ,2016-01-15
6001,#gopdebate                    ,2016-01-15
6004,#trump2016                    ,2016-01-14
6007,#votetrump                    ,2016-01-14
6012,#trump2016                    ,2016-01-14
6016,#trump2016                    ,2016-01-13
6016,#foxnews                      ,2016-01-13
6017,#votetrump                    ,2016-01-13
6018,#iowacaucus                   ,2016-01-13
6018,#votetrump                    ,2016-01-13
6020,#votetrump                    ,2016-01-13
6021,#trump2016                    ,2016-01-13
6021,#makeamericagreatagain        ,2016-01-13
6021,#votetrump                    ,2016-01-13
6024,#iapolitics                   ,2016-01-13
6024,#fitn                         ,2016-01-13
6024,#iacaucus                     ,2016-01-13
6024,#trump2016                    ,2016-01-13
6024,#votetrump                    ,2016-01-13
6029,#sotu                         ,2016-01-13
6030,#sotu                         ,2016-01-13
6031,#trump2016                    ,2016-01-12
6032,#fitn                         ,2016-01-12
6032,#iacaucus                     ,2016-01-12
6035,#trump2016                    ,2016-01-12
6038,#teamtrump                    ,2016-01-12
6044,#trump2016                    ,2016-01-11
6046,#trump2016                    ,2016-01-11
6046,#makeamericagreatagain        ,2016-01-11
6049,#trump2016                    ,2016-01-11
6049,#makeamericagreatagain        ,2016-01-11
6052,#goldenglobe                  ,2016-01-11
6053,#trump2016                    ,2016-01-10
6053,#lesm                         ,2016-01-10
6073,#laurence                     ,2016-01-09
6078,#trump2016                    ,2016-01-08
6078,#makeamericagreatagain        ,2016-01-08
6078,#foxnews                      ,2016-01-08
6085,#rubio-#bush                  ,2016-01-08
6113,#wh'                          ,2016-01-06
6113,#davidcameron                 ,2016-01-06
6113,#                             ,2016-01-06
6117,#trump4president              ,2016-01-06
6125,#trump2016                    ,2016-01-05
